product,period,optimal_production
p1,1,37.0
p1,2,58.0
p1,3,31.0
p1,4,67.0
p1,5,47.922222
p1,6,63.388889
p1,7,34.4
p1,8,64.0
p1,9,50.0
p1,10,26.0
p1,11,42.833333
p1,12,66.0
p2,1,36.0
p2,2,45.0
p2,3,47.0
p2,4,67.0
p2,5,77.0
p2,6,13.0
p2,7,68.0
p2,8,50.0
p2,9,53.789474
p2,10,55.0
p2,11,45.0
p2,12,34.0
p3,1,36.22449
p3,2,75.561224
p3,3,109.64286
p3,4,26.581633
p3,5,64.0
p3,6,70.0
p3,7,78.0
p3,8,27.44898
p3,9,55.0
p3,10,64.642857
p3,11,65.0
p3,12,82.959184
